token,freq,file
the,280,CausalModel
of,176,CausalModel
a,131,CausalModel
to,97,CausalModel
and,84,CausalModel
is,83,CausalModel
that,64,CausalModel
be,58,CausalModel
causal,52,CausalModel
in,50,CausalModel
for,46,CausalModel
can,45,CausalModel
on,45,CausalModel
as,44,CausalModel
are,41,CausalModel
an,36,CausalModel
by,35,CausalModel
model,32,CausalModel
variables,32,CausalModel
not,31,CausalModel
from,29,CausalModel
In,29,CausalModel
The,27,CausalModel
data,26,CausalModel
models,25,CausalModel
have,24,CausalModel
effect,23,CausalModel
variable,23,CausalModel
cause,22,CausalModel
X,21,CausalModel
B{\displaystyle,20,CausalModel
or,20,CausalModel
other,20,CausalModel
path,20,CausalModel
do,19,CausalModel
probability,19,CausalModel
one,18,CausalModel
it,17,CausalModel
set,17,CausalModel
values,17,CausalModel
with,17,CausalModel
Y,17,CausalModel
all,16,CausalModel
B},16,CausalModel
between,16,CausalModel
relationships,16,CausalModel
such,16,CausalModel
which,16,CausalModel
causality,14,CausalModel
For,14,CausalModel
if,14,CausalModel
outcome,14,CausalModel
value,14,CausalModel
A{\displaystyle,13,CausalModel
A},13,CausalModel
A,12,CausalModel
confounder,12,CausalModel
e.g,12,CausalModel
mediator,12,CausalModel
some,12,CausalModel
this,12,CausalModel
without,12,CausalModel
would,12,CausalModel
y,12,CausalModel
any,11,CausalModel
because,11,CausalModel
C{\displaystyle,11,CausalModel
Causal,11,CausalModel
given,11,CausalModel
paths,11,CausalModel
specific,11,CausalModel
the,291,DeepLearning
of,221,DeepLearning
and,174,DeepLearning
to,167,DeepLearning
a,144,DeepLearning
in,141,DeepLearning
learning,98,DeepLearning
deep,90,DeepLearning
that,79,DeepLearning
is,69,DeepLearning
for,67,DeepLearning
as,64,DeepLearning
neural,63,DeepLearning
by,58,DeepLearning
with,49,DeepLearning
networks,48,DeepLearning
on,44,DeepLearning
The,42,DeepLearning
can,40,DeepLearning
such,38,DeepLearning
be,37,DeepLearning
data,37,DeepLearning
recognition,36,DeepLearning
Deep,34,DeepLearning
from,34,DeepLearning
have,34,DeepLearning
In,33,DeepLearning
an,32,DeepLearning
are,32,DeepLearning
network,32,DeepLearning
was,31,DeepLearning
speech,30,DeepLearning
layers,29,DeepLearning
been,27,DeepLearning
image,27,DeepLearning
or,27,DeepLearning
used,26,DeepLearning
which,26,DeepLearning
training,25,DeepLearning
models,24,DeepLearning
it,23,DeepLearning
layer,23,DeepLearning
human,20,DeepLearning
than,18,DeepLearning
has,17,DeepLearning
may,17,DeepLearning
not,17,DeepLearning
were,17,DeepLearning
at,16,DeepLearning
images,16,DeepLearning
machine,16,DeepLearning
systems,16,DeepLearning
also,15,DeepLearning
more,15,DeepLearning
features,14,DeepLearning
input,14,DeepLearning
large,14,DeepLearning
methods,14,DeepLearning
one,14,DeepLearning
tasks,14,DeepLearning
they,14,DeepLearning
algorithm,13,DeepLearning
architectures,13,DeepLearning
into,13,DeepLearning
processing,13,DeepLearning
system,13,DeepLearning
using,13,DeepLearning
based,12,DeepLearning
between,12,DeepLearning
brain,12,DeepLearning
computer,12,DeepLearning
model,12,DeepLearning
time,12,DeepLearning
trained,12,DeepLearning
units,12,DeepLearning
A,11,DeepLearning
applied,11,DeepLearning
artificial,11,DeepLearning
DNNs,11,DeepLearning
e.g,11,DeepLearning
example,11,DeepLearning
first,11,DeepLearning
For,11,DeepLearning
generative,11,DeepLearning
most,11,DeepLearning
output,11,DeepLearning
the,167,MultilevelModel
of,90,MultilevelModel
a,71,MultilevelModel
are,66,MultilevelModel
and,64,MultilevelModel
to,51,MultilevelModel
is,50,MultilevelModel
in,48,MultilevelModel
model,46,MultilevelModel
be,45,MultilevelModel
models,44,MultilevelModel
that,39,MultilevelModel
level,36,MultilevelModel
for,35,MultilevelModel
as,25,MultilevelModel
can,23,MultilevelModel
on,21,MultilevelModel
different,20,MultilevelModel
The,19,MultilevelModel
an,17,MultilevelModel
at,17,MultilevelModel
groups,17,MultilevelModel
individual,17,MultilevelModel
multilevel,17,MultilevelModel
or,17,MultilevelModel
slopes,16,MultilevelModel
this,16,MultilevelModel
have,15,MultilevelModel
it,15,MultilevelModel
which,15,MultilevelModel
would,15,MultilevelModel
1,14,MultilevelModel
by,14,MultilevelModel
with,14,MultilevelModel
also,13,MultilevelModel
effects,13,MultilevelModel
In,13,MultilevelModel
intercepts,13,MultilevelModel
one,13,MultilevelModel
random,13,MultilevelModel
research,13,MultilevelModel
variables,13,MultilevelModel
analysis,12,MultilevelModel
between,12,MultilevelModel
example,12,MultilevelModel
fixed,12,MultilevelModel
used,12,MultilevelModel
number,11,MultilevelModel
regression,11,MultilevelModel
